Parameter, Mean, SD, MC Error, Lower 95% HPD, Upper 95% HPD, q2.5, q25, q50, q75, q97.5
k, 1.98768160444, 0.165965465867, 0.00790093581214, 1.67800882652, 2.31879363017, 1.69383810992, 1.87142546985, 1.97757511203, 2.09322748964, 2.33893789252
Lb, -0.0108097861703, 0.13985340635, 0.00660169755394, -0.27400124504, 0.259884694488, -0.27400124504, -0.110863287166, -0.010117059118, 0.0829263419183, 0.259884694488
a1, 0.514538004573, 0.13418263092, 0.00598001797979, 0.252998265154, 0.780003709515, 0.238630701103, 0.427551623491, 0.520673444514, 0.607062705859, 0.768736265979
a2, 2.3724562484, 0.131299113201, 0.00420931706249, 2.12261402834, 2.63687061887, 2.13314523384, 2.28307904758, 2.36547718705, 2.4548780003, 2.64907704218
