Parameter, Mean, SD, MC Error, Lower 95% HPD, Upper 95% HPD, q2.5, q25, q50, q75, q97.5
k, 1.97101394125, 0.258988231341, 0.0123262178248, 1.53040666302, 2.51594868111, 1.52710670313, 1.78614600461, 1.95436277824, 2.13120820786, 2.51478350139
xb, -0.0272881327455, 0.227329844812, 0.0110722098906, -0.454742860181, 0.396782426917, -0.446634007379, -0.197031856795, -0.0277966858198, 0.1351959284, 0.40957389659
a1, 0.534649941775, 0.210668073478, 0.00940829251275, 0.115575089529, 0.931199060547, 0.0981099442902, 0.404447806991, 0.542586003634, 0.681756477845, 0.917600875806
a2, 2.26696878571, 0.21262668458, 0.00726303195809, 1.85677828318, 2.67280973443, 1.89555833428, 2.11630376748, 2.25621696331, 2.40332691814, 2.72192525926
